video_id,cluster_id
video12,17
video6110,8
video2376,15
video938,16
video5419,8
video4707,15
video3068,13
video4061,9
video2410,19
video1119,18
video6676,17
video6662,11
video4075,14
video2404,8
video2362,0
video4713,15
video6104,15
video904,16
video5425,15
video3054,2
video1643,9
video1125,3
video6892,8
video3732,3
video5343,3
video3726,17
video4049,4
video5357,17
video2438,8
video1131,16
video6886,9
video6138,8
video1657,17
video910,9
video5431,7
video3040,17
video723,3
video1864,7
video3915,1
video3901,10
video6879,4
video1870,19
video737,12
video4908,4
video1680,13
video1858,0
video3097,9
video4920,19
video2389,14
video5380,1
video3929,18
video6851,13
video6689,11
video6845,11
video5394,3
video3083,3
video4934,1
video1694,4
video6474,7
video2612,4
video4263,13
video284,19
video4505,4
video2174,1
video6312,15
video1469,19
video6306,7
video4511,19
video2160,3
video2606,3
video5169,9
video4277,8
video290,6
video3518,2
video6460,8
video5141,18
video3530,3
video6448,3
video1327,8
video1441,6
video3256,10
video4539,18
video5627,14
video2148,1
video3242,7
video5633,19
video1455,19
video1333,17
video5155,17
video3524,0
video247,8
video2809,6
video5800,11
video521,4
video5814,7
video535,19
video253,14
video2835,7
video5182,17
video3295,9
video1482,13
video1496,13
video3281,4
video5828,0
video509,10
video2821,15
video4288,13
video5196,2
video6500,11
video3478,17
video4317,6
video5009,4
video2766,9
video2000,13
video4471,11
video496,15
video6266,9
video1509,1
video6272,18
video2014,9
video4465,8
video482,10
video4303,18
video2772,2
video6514,2
video3444,3
video2982,13
video5035,15
video333,0
video1253,6
video1535,14
video5753,10
video3322,3
video2028,1
video5747,11
video4459,16
video3336,8
video1521,1
video1247,7
video6528,0
video3450,6
video2996,9
video5021,4
video455,18
video5974,1
video441,16
video5960,7
video327,15
video2969,15
video1290,15
video2799,15
video3487,11
video2941,14
video469,18
video5948,9
video5790,1
video6299,3
video5784,19
video3493,0
video2955,10
video1284,17
video6064,17
video694,2
video4673,3
video2202,14
video2564,14
video4115,8
video6702,16
video6716,11
video1079,1
video2570,16
video4101,1
video3108,3
video680,15
video4667,3
video5579,6
video2216,3
video858,17
video6070,15
video3120,6
video5551,19
video4897,14
video870,14
video1737,19
video6058,2
video1051,1
video2558,8
video5237,19
video4129,14
video3646,6
video5223,19
video3652,17
video1045,5
video1723,8
video3134,18
video5545,13
video4883,18
video864,19
video4868,2
video657,10
video1910,8
video6919,5
video131,2
video3861,5
video125,12
video3875,13
video1904,13
video643,6
video5592,17
video4854,6
video3685,7
video1092,5
video6925,3
video1086,15
video6931,14
video119,1
video3691,4
video3849,3
video5586,1
video4840,0
video4698,4
video1938,1
video3848,4
video3690,2
video118,3
video6930,15
video1087,17
video1939,14
video4699,9
video4841,15
video5587,11
video4855,3
video5593,6
video6924,0
video1093,3
video3684,4
video3874,3
video124,9
video642,5
video1905,8
video1911,3
video656,7
video4869,6
video3860,13
video130,11
video6918,17
video1044,4
video3653,3
video5222,11
video865,13
video4882,17
video5544,14
video3135,11
video1722,3
video6059,8
video1736,0
video871,3
video4896,7
video5550,4
video3121,11
video3647,4
video4128,8
video5236,14
video2559,8
video1050,0
video4100,9
video2571,5
video1078,19
video6717,19
video6071,19
video859,14
video2217,19
video5578,6
video4666,19
video681,3
video3109,5
video2203,3
video4672,4
video695,16
video6065,0
video6703,3
video4114,12
video2565,0
video5785,13
video1285,0
video2954,13
video3492,1
video2940,10
video3486,2
video2798,0
video1291,3
video6298,5
video5791,4
video5949,6
video468,12
video5961,4
video440,10
video2968,1
video326,5
video332,13
video5975,2
video454,19
video1520,3
video3337,3
video4458,4
video5746,19
video2029,4
video5020,2
video2997,4
video3451,17
video6529,13
video1246,16
video1252,5
video5034,4
video2983,11
video3445,3
video3323,13
video5752,15
video1534,16
video483,11
video4464,7
video2015,2
video6273,1
video6515,3
video2773,6
video4302,14
video2767,18
video5008,11
video4316,5
video3479,19
video6501,4
video1508,8
video6267,2
video497,3
video4470,4
video2001,8
video508,19
video5829,16
video3280,1
video1497,15
video5197,11
video4289,4
video2820,11
video5183,4
video2834,10
video1483,3
video3294,3
video534,3
video5815,0
video252,14
video2808,15
video246,9
video520,4
video5801,17
video1454,0
video5632,8
video3243,16
video3525,6
video5154,7
video1332,1
video1326,9
video6449,0
video3531,8
video5140,8
video2149,0
video5626,10
video4538,17
video3257,4
video1440,3
video2161,7
video4510,19
video6307,7
video1468,3
video6461,1
video3519,7
video291,11
video4276,19
video5168,19
video2607,11
video285,1
video4262,7
video2613,14
video6475,0
video6313,12
video2175,12
video4504,1
video5395,9
video6844,15
video1695,8
video4935,6
video3082,7
video2388,1
video4921,16
video3096,11
video1859,4
video1681,10
video6688,8
video6850,5
video3928,5
video5381,2
video6878,13
video3900,10
video4909,16
video736,9
video1871,3
video1865,1
video722,9
video3914,4
video6887,9
video1130,3
video2439,10
video5356,8
video4048,14
video3727,7
video3041,7
video5430,6
video911,0
video1656,19
video6139,3
video1642,17
video3055,0
video5424,10
video905,18
video5342,13
video3733,5
video6893,3
video1124,2
video2405,0
video4074,8
video6663,11
video6105,14
video4712,3
video2363,18
video3069,5
video4706,10
video5418,6
video939,2
video2377,16
video6111,15
video13,9
video6677,11
video1118,5
video2411,19
video4060,1
video2361,14
video4710,8
video6107,13
video1668,15
video6661,3
video3719,4
video4076,5
video5368,7
video2407,1
video4062,11
video2413,3
video6675,7
video11,1
video6113,10
video2375,6
video4704,6
video39,6
video1654,8
video913,6
video5432,9
video3043,6
video3725,8
video5354,10
video1132,1
video6885,17
video1126,16
video6649,6
video6891,3
video3731,19
video5340,1
video2349,17
video907,19
video5426,19
video4738,8
video3057,12
video1898,13
video1640,9
video1873,18
video734,14
video3902,9
video3916,10
video720,5
video1867,1
video708,7
video3080,2
video4937,0
video1697,3
video6846,1
video5397,4
video4089,0
video5383,13
video6852,1
video1683,12
video3094,2
video4923,10
video2605,9
video293,19
video4274,5
video6463,12
video6305,16
video4512,13
video2163,15
video3269,2
video4506,3
video5618,11
video2177,2
video6311,13
video6477,16
video1318,3
video2611,9
video287,16
video4260,6
video1330,16
video2639,11
video5156,1
video245,2
video4248,15
video3527,3
video3241,13
video5630,13
video1456,3
video6339,17
video1442,13
video3255,13
video5624,6
video5142,18
video3533,17
video1324,4
video250,19
video5817,10
video536,4
video5803,17
video522,7
video244,2
video2822,10
video5195,12
video1495,1
video3282,4
video2188,1
video3296,3
video1481,19
video6488,13
video278,0
video2836,17
video5181,14
video4300,11
video2771,1
video1278,1
video6517,17
video6271,10
video2017,0
video5778,1
video481,12
video4466,6
video3309,5
video2003,4
video495,9
video4472,3
video6265,3
video6503,1
video4314,1
video2765,11
video1244,17
video3453,14
video2995,9
video5022,3
video5744,11
video3335,2
video1522,5
video6259,7
video1536,7
video5750,6
video5988,19
video3321,1
video3447,7
video4328,8
video2981,1
video5036,7
video2759,13
video1250,0
video324,5
video442,9
video5963,17
video456,18
video5977,9
video330,14
video3490,10
video318,3
video2956,1
video1287,19
video4499,8
video5787,2
video5793,1
video1293,11
video3484,15
video2942,10
video4664,4
video683,11
video2215,13
video6073,2
video6715,10
video2573,5
video4102,1
video2567,12
video5208,7
video4116,9
video3679,19
video6701,7
video1708,9
video6067,17
video4670,16
video697,7
video2201,8
video1720,11
video3137,14
video4658,10
video5546,9
video2229,5
video867,19
video4880,8
video3889,6
video5220,10
video3651,18
video6729,11
video1046,13
video1052,4
video5234,17
video3645,1
video3123,0
video5552,9
video873,1
video4894,1
video1734,7
video1907,10
video898,14
video640,14
video126,0
video3876,1
video132,0
video3862,10
video654,4
video1913,5
video5585,16
video4843,2
video1085,6
video6932,5
video3692,9
video3686,2
video2598,8
video1091,3
video6926,19
video6098,3
video5591,6
video4857,11
video668,11
video6927,10
video1090,2
video2599,13
video3687,1
video669,3
video4856,0
video5590,5
video6099,9
video4842,11
video5584,7
video3693,14
video6933,5
video1084,15
video3863,11
video133,14
video1912,4
video655,7
video641,6
video899,19
video1906,3
video3877,16
video127,5
video3644,2
video5235,16
video1053,14
video1735,1
video4895,6
video872,3
video5553,17
video3122,0
video4881,4
video866,5
video2228,7
video5547,16
video4659,15
video3136,3
video1721,12
video1047,9
video6728,6
video3650,8
video5221,3
video3888,17
video6700,0
video3678,13
video4117,15
video5209,13
video2566,17
video2200,14
video696,19
video4671,14
video6066,7
video1709,13
video6072,17
video2214,15
video682,0
video4665,1
video4103,5
video2572,9
video6714,16
video5792,12
video2943,2
video3485,11
video1292,5
video1286,17
video2957,5
video319,10
video3491,4
video5786,8
video4498,14
video5976,17
video457,9
video331,13
video325,1
video5962,16
video443,3
video3320,19
video5989,18
video5751,1
video1537,10
video6258,17
video1251,6
video2758,18
video5037,15
video2980,2
video4329,7
video3446,3
video5023,18
video2994,7
video3452,5
video1245,17
video1523,5
video3334,15
video5745,17
video6264,18
video4473,12
video494,7
video2002,19
video2764,13
video4315,19
video6502,19
video6516,13
video1279,1
video2770,12
video4301,6
video3308,3
video4467,1
video480,7
video5779,6
video2016,13
video6270,11
video1480,14
video3297,10
video2189,7
video5180,19
video2837,17
video279,7
video6489,3
video5194,5
video2823,16
video3283,14
video1494,12
video523,17
video5802,14
video251,6
video537,16
video5816,0
video5625,17
video3254,5
video1443,8
video1325,0
video3532,8
video5143,17
video3526,13
video4249,19
video5157,1
video2638,17
video1331,13
video6338,10
video1457,8
video5631,9
video3240,17
video6310,4
video2176,1
video5619,8
video4507,17
video3268,14
video4261,4
video286,4
video2610,13
video1319,15
video6476,7
video6462,13
video4275,3
video292,7
video2604,16
video2162,11
video4513,10
video6304,19
video6853,11
video5382,1
video4922,0
video3095,0
video1682,2
video1696,19
video4936,11
video3081,1
video709,6
video4088,15
video5396,13
video6847,15
video3917,5
video1866,0
video721,6
video735,1
video1872,14
video3903,8
video5341,2
video3730,6
video6890,12
video6648,1
video1127,8
video1641,4
video1899,17
video3056,19
video4739,0
video5427,11
video906,16
video2348,6
video3042,1
video5433,7
video912,1
video1655,4
video38,18
video6884,18
video1133,1
video5355,1
video3724,1
video6674,6
video2412,17
video4063,3
video4705,4
video2374,9
video6112,16
video10,9
video1669,1
video6106,18
video4711,7
video2360,7
video2406,19
video5369,13
video4077,2
video3718,2
video6660,8
video3720,0
video5351,9
video6658,7
video1137,19
video6880,8
video1889,6
video1651,11
video5437,3
video916,12
video2358,8
video3046,11
video4729,3
video5423,0
video902,3
video3052,16
video28,16
video1645,9
video1123,14
video6894,15
video3734,13
video5345,2
video6664,3
video4073,2
video2402,1
video2364,9
video4715,1
video6102,9
video14,17
video1679,9
video6116,19
video2370,0
video4701,6
video4067,3
video3708,0
video2416,18
video5379,11
video6670,15
video6843,0
video5392,11
video3085,18
video4932,0
video1692,4
video1686,1
video3091,3
video719,4
video4926,17
video5386,17
video4098,4
video6857,6
video3907,4
video1876,8
video731,12
video725,15
video1862,3
video3913,6
video3244,15
video5635,3
video1453,3
video1335,6
video5153,5
video3522,2
video5147,8
video2628,17
video3536,10
video4259,1
video1321,0
video6328,4
video1447,4
video3250,13
video5621,19
video6300,6
video4517,6
video3278,1
video2166,19
video5609,15
video2600,6
video296,2
video4271,17
video1309,2
video6466,0
video6472,9
video2614,17
video282,11
video4265,3
video4503,13
video2172,3
video6314,9
video1490,15
video2199,15
video3287,8
video2827,19
video269,11
video5190,3
video6499,0
video2833,6
video5184,9
video3293,15
video1484,13
video533,14
video5812,3
video255,12
video241,11
video527,6
video5806,0
video5741,9
video5999,3
video3330,17
video1527,0
video6248,14
video1241,7
video4339,13
video2990,10
video3456,7
video2748,0
video5027,7
video2984,8
video3442,16
video5033,14
video1255,17
video1533,19
video5755,13
video3324,4
video6274,1
video2012,19
video484,7
video4463,4
video4305,17
video2774,15
video6512,17
video6506,3
video1269,9
video4311,7
video2760,14
video5769,14
video2006,3
video3318,1
video490,13
video4477,11
video6260,7
video5782,7
video2953,2
video3495,10
video1282,19
video1296,13
video2947,6
video309,8
video3481,9
video4488,4
video5796,9
video5966,8
video447,0
video321,3
video335,19
video5972,5
video453,2
video5225,3
video3654,16
video1043,9
video1725,19
video3132,1
video862,6
video4885,9
video5543,16
video4649,11
video3126,0
video876,2
video2238,3
video4891,16
video5557,18
video141,1
video1731,1
video1057,14
video6738,1
video3898,14
video5231,4
video3640,17
video6710,13
video5219,12
video2576,9
video3668,4
video4107,1
video4661,1
video686,11
video2210,13
video6076,5
video1719,10
video6062,8
video4675,11
video692,15
video2204,10
video2562,0
video4113,11
video6704,2
video1080,3
video6937,10
video3697,1
video2589,3
video4846,11
video5580,5
video679,3
video6089,13
video4852,4
video5594,9
video3683,10
video1094,6
video6923,8
video123,0
video3873,3
video1902,8
video645,2
video889,6
video651,3
video1916,0
video137,19
video3867,11
video1917,15
video650,13
video888,3
video3866,19
video136,19
video3872,7
video122,15
video644,3
video1903,7
video5595,15
video4853,5
video6922,6
video1095,13
video3682,9
video2588,14
video3696,1
video6936,7
video1081,10
video6088,3
video678,4
video5581,1
video4847,8
video2205,19
video693,3
video4674,11
video6063,19
video6705,18
video4112,6
video2563,13
video4106,10
video3669,7
video2577,5
video5218,5
video6711,9
video1718,19
video6077,15
video2211,0
video687,8
video4660,8
video1730,1
video5556,1
video4890,10
video2239,2
video877,5
video3127,4
video4648,15
video3641,16
video5230,1
video3899,3
video6739,1
video1056,0
video1042,15
video3655,3
video5224,3
video5542,6
video4884,1
video863,10
video3133,12
video1724,15
video334,6
video452,6
video5973,13
video446,9
video5967,6
video320,5
video3480,19
video308,11
video2946,3
video1297,0
video5797,0
video4489,1
video5783,2
video1283,18
video3494,4
video2952,17
video2761,12
video4310,17
video1268,19
video6507,17
video6261,3
video4476,5
video491,7
video3319,15
video2007,11
video5768,12
video4462,11
video485,2
video2013,11
video6275,7
video6513,9
video2775,10
video4304,11
video1254,11
video5032,11
video3443,4
video2985,19
video3325,18
video5754,4
video1532,19
video6249,0
video1526,3
video3331,7
video5998,2
video5740,4
video5026,2
video2749,1
video3457,8
video2991,17
video4338,0
video1240,9
video240,16
video5807,10
video526,15
video5813,7
video532,14
video254,7
video5185,14
video2832,15
video1485,0
video3292,7
video3286,8
video2198,9
video1491,11
video6498,11
video5191,19
video268,11
video2826,3
video4264,2
video283,6
video2615,1
video6473,17
video6315,15
video2173,10
video4502,9
video5608,9
video2167,3
video3279,4
video4516,11
video6301,17
video6467,17
video1308,4
video4270,9
video297,3
video2601,10
video1320,10
video4258,2
video3537,2
video2629,5
video5146,7
video5620,6
video3251,9
video1446,17
video6329,14
video1452,17
video5634,2
video3245,7
video3523,6
video5152,9
video1334,7
video1863,15
video724,10
video3912,19
video3906,14
video730,19
video1877,3
video4927,8
video718,5
video3090,9
video1687,16
video6856,11
video4099,11
video5387,9
video5393,1
video6842,16
video1693,3
video4933,2
video3084,1
video4700,1
video2371,9
video6117,1
video1678,16
video15,19
video6671,9
video5378,16
video2417,17
video3709,1
video4066,5
video2403,1
video4072,16
video6665,6
video6103,7
video4714,3
video2365,4
video1644,19
video29,7
video3053,4
video903,0
video5422,9
video5344,0
video3735,2
video6895,9
video1122,14
video6881,4
video1136,19
video6659,4
video5350,16
video3721,1
video4728,2
video3047,15
video2359,15
video917,13
video5436,7
video1650,0
video1888,15
video1120,15
video6897,1
video4058,5
video3737,17
video2429,1
video5346,3
video5420,12
video901,12
video3051,1
video1646,2
video6129,8
video1652,7
video5434,5
video915,3
video3045,9
video3723,7
video5352,11
video1134,11
video6883,13
video4064,6
video2415,19
video6673,13
video17,15
video6115,13
video2373,17
video4702,8
video5408,5
video929,6
video2367,7
video3079,17
video4716,13
video6101,17
video6667,7
video1108,11
video4070,6
video2401,4
video5385,3
video6854,1
video1685,3
video3092,19
video4925,18
video3086,1
video4931,16
video2398,4
video1691,17
video1849,2
video6840,0
video6698,1
video5391,18
video3938,15
video6868,9
video3910,1
video726,7
video4919,17
video1861,0
video1875,8
video732,8
video3904,6
video1444,10
video3253,19
video5622,5
video5144,6
video3535,15
video1322,8
video1336,17
video6459,5
video5150,19
video3521,12
video4528,1
video3247,0
video2159,0
video5636,19
video1450,17
video4500,7
video2171,13
video6317,11
video1478,13
video7009,6
video6471,7
video5178,8
video2617,1
video3509,10
video4266,1
video281,17
video2603,9
video4272,11
video295,19
video6465,4
video6303,0
video4514,11
video2165,13
video518,0
video3290,10
video5839,4
video1487,10
video2830,1
video4299,17
video5187,14
video2824,1
video5193,15
video1493,11
video3284,7
video524,9
video5805,7
video242,15
video2818,16
video256,11
video530,1
video5811,6
video1530,19
video5756,4
video2039,19
video3327,10
video4448,11
video2987,1
video3441,6
video5030,3
video6539,4
video1256,18
video1242,18
video2993,10
video3455,12
video5024,3
video5742,14
video3333,18
video1524,4
video2005,14
video4474,7
video493,11
video6263,10
video6505,17
video4312,4
video2763,4
video4306,19
video3469,7
video2777,14
video5018,0
video6511,19
video1518,13
video6277,17
video2011,4
video4460,7
video487,3
video5795,16
video1295,7
video2944,7
video3482,9
video2788,16
video2950,17
video3496,8
video1281,9
video6288,15
video5959,3
video478,19
video5781,1
video5971,6
video450,8
video2978,19
video336,8
video322,6
video5965,3
video444,3
video1054,13
video5232,10
video3643,17
video3125,9
video4892,11
video875,15
video5554,9
video1732,1
video6049,9
video1726,19
video3131,3
video4886,13
video861,2
video5540,11
video5226,2
video2549,11
video3657,16
video4138,4
video1040,0
video2561,19
video4110,0
video1068,4
video6707,19
video6061,7
video691,0
video4676,15
video3119,8
video849,16
video2207,14
video5568,19
video685,4
video4662,17
video2213,7
video6075,9
video6713,19
video2575,19
video4104,13
video3680,11
video108,3
video3858,17
video1097,12
video6920,6
video1929,7
video4851,13
video5597,19
video4689,14
video4845,2
video5583,13
video1083,16
video6934,16
video3694,2
video134,12
video3864,8
video652,14
video1915,9
video1901,2
video4879,0
video646,15
video120,19
video3870,17
video6908,4
video647,7
video4878,17
video1900,14
video6909,10
video3871,3
video121,18
video3865,0
video135,9
video1914,3
video653,15
video5582,0
video4844,11
video3695,9
video6935,7
video1082,10
video6921,17
video1096,9
video3859,17
video109,11
video3681,9
video4688,5
video5596,13
video4850,5
video1928,18
video6074,1
video2212,7
video4663,17
video684,10
video4105,1
video2574,18
video6712,7
video6706,3
video1069,3
video4111,6
video2560,1
video5569,11
video2206,11
video848,1
video3118,2
video578,7
video4677,2
video690,12
video6060,9
video5541,17
video860,15
video4887,16
video3130,0
video1727,15
video6048,9
video1041,14
video4139,3
video3656,0
video2548,8
video5227,19
video3642,0
video5233,0
video1055,1
video1733,16
video5555,13
video874,3
video4893,14
video3124,16
video323,8
video445,13
video5964,8
video451,3
video5970,16
video337,1
video2979,3
video1280,0
video3497,11
video2951,8
video2789,19
video5780,14
video479,19
video5958,7
video6289,15
video5794,1
video3483,1
video2945,4
video1294,3
video6510,9
video5019,8
video2776,7
video3468,13
video4307,2
video486,1
video4461,1
video2010,10
video6276,1
video1519,19
video6262,1
video492,18
video4475,19
video2004,6
video2762,7
video4313,1
video6504,15
video5025,8
video3454,10
video2992,12
video1243,17
video1525,11
video3332,2
video5743,14
video4449,11
video3326,6
video2038,7
video5757,1
video1531,0
video1257,1
video6538,8
video5031,17
video3440,11
video2986,0
video257,14
video2819,17
video5810,17
video531,4
video5804,15
video525,0
video243,5
video5192,17
video2825,4
video3285,4
video1492,4
video1486,17
video5838,17
video3291,6
video519,5
video5186,14
video4298,15
video2831,5
video6464,1
video294,4
video4273,7
video2602,14
video2164,15
video4515,1
video6302,19
video7008,15
video1479,3
video6316,0
video2170,1
video4501,11
video280,13
video4267,1
video3508,17
video2616,4
video5179,8
video6470,4
video3520,14
video5151,13
video6458,1
video1337,7
video1451,6
video5637,4
video2158,15
video3246,17
video4529,12
video5623,7
video3252,10
video1445,13
video1323,17
video3534,19
video5145,3
video733,18
video1874,13
video3905,6
video3911,19
video6869,17
video1860,7
video4918,7
video727,17
video1848,17
video1690,2
video2399,11
video4930,14
video3087,14
video3939,17
video5390,9
video6699,1
video6841,11
video6855,6
video5384,13
video4924,10
video3093,11
video1684,15
video6100,2
video4717,7
video3078,8
video2366,1
video928,15
video5409,19
video2400,8
video4071,11
video1109,4
video6666,16
video6672,10
video2414,3
video4065,1
video4703,14
video2372,1
video6114,18
video16,13
video3044,18
video914,16
video5435,7
video1653,7
video6882,9
video1135,0
video5353,17
video3722,4
video5347,7
video2428,0
video3736,8
video4059,0
video6896,3
video1121,3
video6128,6
video1647,1
video3050,7
video900,0
video5421,9
video6615,3
video4002,3
video2473,4
video2315,19
video4764,6
video783,13
video71,13
video6,13
video6173,2
video65,1
video6167,19
video1608,7
video2301,5
video4770,1
video797,11
video3779,5
video4016,8
video5308,10
video2467,10
video6601,13
video3751,17
video3989,6
video5320,15
video1146,2
video6629,2
video1620,15
video967,5
video2329,10
video4980,5
video5446,0
video4758,13
video3037,0
video973,14
video4994,16
video5452,5
video3023,6
video59,10
video1634,2
video1152,12
video3745,1
video5334,3
video3976,6
video1807,7
video740,5
video998,2
video754,18
video1813,16
video3962,19
video6832,16
video1185,14
video3792,8
video4943,1
video5485,19
video6198,5
video768,8
video4957,8
video5491,6
video2498,0
video3786,17
video6826,8
video1191,11
video6371,6
video3209,1
video581,19
video4566,7
video5678,1
video2117,9
video2671,8
video4200,1
video6417,17
video1378,10
video6403,13
video2665,19
video4214,7
video595,3
video4572,8
video408,3
video2103,12
video6365,9
video3235,3
video5644,5
video1422,4
video1344,6
video5122,17
video2895,1
video3553,11
video2659,16
video5136,8
video4228,16
video2881,16
video3547,17
video1350,3
video1436,1
video6359,3
video5888,3
video3221,13
video5650,13
video5863,7
video542,4
video224,11
video230,10
video5877,0
video556,11
video5687,3
video4599,0
video2856,1
video218,11
video3590,1
video1387,10
video1393,16
video2842,13
video3584,3
video5693,7
video6205,17
video2063,11
video4412,2
video393,17
video4374,8
video2705,15
video6563,1
video1218,7
video6577,14
video387,6
video4360,11
video2711,8
video2077,10
video5718,9
video4406,9
video3369,5
video6211,9
video5730,3
video3341,11
video6239,13
video1556,3
video1230,13
video3427,8
video4348,17
video5056,19
video2739,17
video3433,9
video5042,16
video1224,13
video1542,7
video5724,2
video3355,13
video436,1
video5917,5
video350,11
video344,13
video422,9
video5903,14
video1595,2
video3382,19
video5095,9
video2922,3
video6588,17
video5081,10
video2936,14
video378,16
video3396,7
video2088,14
video1581,10
video6761,2
video2507,13
video5268,1
video4176,14
video191,9
video3619,8
video4610,8
video2261,0
video1768,14
video6007,15
video6013,8
video4604,0
video2275,4
video2513,12
video4162,19
video185,1
video6775,4
video5254,8
video3625,14
video6985,17
video1032,18
video1754,1
video3143,14
video5532,15
video813,13
video3157,1
video4638,9
video5526,0
video807,11
video2249,19
video1740,17
video1998,16
video6991,12
video6749,13
video1026,16
video5240,14
video3631,5
video152,8
video3802,7
video1973,6
video634,17
video620,9
video1967,16
video146,5
video3816,19
video6946,17
video4189,0
video5297,0
video4837,1
video3180,5
video608,16
video1797,19
video1783,8
video4823,13
video3194,9
video5283,0
video6952,11
video3195,3
video4822,17
video1782,7
video6953,13
video5282,19
video5296,6
video4188,13
video6947,2
video1796,13
video609,15
video3181,15
video4836,13
video1966,6
video621,8
video3817,0
video147,3
video3803,2
video153,3
video635,1
video1972,19
video1999,19
video1741,8
video2248,7
video806,18
video5527,17
video4639,10
video3156,2
video3630,1
video5241,13
video1027,18
video6748,10
video6990,3
video1033,0
video6984,18
video3624,2
video5255,7
video812,16
video5533,11
video3142,15
video1755,17
video2274,17
video4605,8
video6012,15
video6774,9
video184,18
video4163,7
video2512,5
video3618,3
video190,1
video4177,7
video5269,3
video2506,6
video6760,11
video6006,6
video1769,12
video2260,1
video4611,16
video379,7
video2937,16
video5080,4
video6589,15
video1580,19
video2089,9
video3397,3
video3383,3
video1594,1
video2923,14
video5094,4
video345,5
video5902,3
video423,1
video5916,7
video437,1
video351,3
video1225,18
video5043,2
video3432,9
video3354,3
video5725,4
video1543,7
video1557,11
video6238,14
video3340,1
video5731,3
video2738,14
video5057,14
video4349,9
video3426,15
video1231,8
video2710,6
video4361,11
video386,4
video6576,6
video1219,15
video6210,9
video3368,7
video4407,6
video5719,14
video2076,6
video4413,8
video2062,9
video6204,15
video6562,4
video2704,9
video4375,4
video392,17
video3585,13
video2843,8
video1392,3
video5692,1
video4598,18
video5686,10
video1386,3
video3591,13
video219,0
video2857,16
video231,19
video557,11
video5876,10
video543,1
video5862,2
video225,3
video1351,15
video3546,13
video2880,1
video4229,2
video5137,9
video2658,14
video5651,6
video3220,7
video5889,3
video6358,15
video1437,14
video1423,18
video5645,5
video3234,19
video3552,1
video2894,4
video5123,7
video1345,8
video4215,0
video2664,14
video6402,13
video6364,16
video2102,11
video4573,3
video594,12
video2116,0
video5679,4
video4567,5
video580,1
video3208,7
video6370,10
video1379,7
video6416,19
video4201,7
video2670,3
video5490,11
video4956,13
video769,3
video6199,16
video1190,7
video6827,4
video3787,15
video2499,19
video3793,0
video1184,9
video6833,15
video5484,4
video4942,7
video1812,4
video755,17
video3963,11
video3977,6
video999,19
video741,15
video1806,2
video1635,9
video58,16
video3022,4
video5453,10
video4995,7
video972,19
video5335,18
video3744,17
video1153,3
video6628,10
video1147,17
video5321,9
video3988,16
video3750,1
video3036,1
video4759,7
video5447,0
video4981,4
video2328,19
video966,14
video1621,16
video796,9
video4771,14
video2300,8
video1609,15
video6166,19
video64,5
video6600,15
video2466,0
video5309,9
video4017,3
video3778,16
video2472,7
video4003,19
video6614,1
video6172,3
video7,18
video70,13
video782,11
video4765,6
video2314,18
video4015,4
video2464,11
video6602,3
video66,1
video6164,3
video2302,3
video794,14
video4773,13
video958,14
video2316,0
video5479,19
video780,17
video4767,13
video3008,4
video72,1
video5,12
video6170,4
video1179,17
video6616,6
video4001,0
video2470,13
video1151,19
video3746,14
video4029,8
video5337,18
video2458,18
video4997,11
video970,6
video5451,10
video3020,15
video6158,12
video1637,8
video1623,7
video4983,11
video964,5
video5445,10
video3034,1
video3752,4
video5323,19
video1145,1
video6819,11
video3961,19
video757,1
video4968,16
video1810,0
video1804,10
video743,7
video3975,13
video3785,1
video6825,11
video1192,6
video99,2
video4954,14
video5492,8
video4798,4
video4940,14
video5486,11
video1838,0
video6831,18
video1186,8
video3949,2
video3791,6
video4571,15
video596,13
video2100,17
video1409,4
video6366,1
video6400,15
video2666,6
video5109,19
video4217,9
video3578,19
video2672,11
video4203,4
video6414,7
video6372,10
video4565,7
video582,1
video2114,14
video1435,11
video3222,4
video5653,8
video5135,15
video2882,9
video3544,7
video1353,17
video6428,3
video1347,7
video5121,19
video2896,3
video3550,19
video3236,13
video4559,7
video5647,19
video2128,9
video1421,3
video5874,9
video555,15
video233,13
video2869,2
video227,9
video5860,11
video541,4
video5690,0
video5848,8
video569,6
video6399,7
video1390,11
video2841,16
video3587,15
video2699,15
video2855,15
video3593,18
video1384,19
video5684,8
video2074,6
video4405,17
video6212,16
video6574,1
video4363,10
video384,15
video2712,1
video3418,13
video4377,1
video390,11
video5069,4
video2706,17
video6560,10
video6206,14
video1569,11
video2060,15
video4411,1
video1541,13
video2048,9
video5727,11
video4439,19
video3356,10
video3430,3
video5041,12
video1227,12
video6548,0
video1233,6
video3424,0
video5055,1
video5733,6
video3342,19
video1555,12
video421,13
video5900,4
video2909,7
video347,2
video353,14
video435,17
video5914,6
video3395,9
video1582,7
video5082,4
video2935,3
video5096,9
video2921,5
video4388,17
video1596,14
video409,2
video3381,19
video5928,17
video2510,5
video186,9
video4161,1
video6776,17
video1019,16
video6010,7
video3168,0
video4607,9
video5519,15
video838,4
video2276,11
video4613,8
video2262,0
video6004,3
video6762,15
video2504,8
video192,10
video4175,1
video6992,1
video1025,10
video5243,13
video3632,16
video3154,16
video5525,4
video804,3
video1743,19
video1757,0
video6038,8
video3140,17
video5531,1
video810,18
video2538,0
video5257,0
video4149,4
video3626,9
video6986,10
video1031,2
video145,10
video3815,8
video623,1
video1964,1
video1970,5
video4808,18
video637,17
video151,17
video3801,17
video6979,7
video179,17
video5280,13
video3829,0
video6789,13
video6951,17
video1958,5
video1780,8
video4820,8
video2289,9
video3197,1
video4834,0
video3183,2
video1794,1
video6945,0
video5294,11
video1795,12
video3182,14
video4835,19
video5295,0
video6944,4
video6950,9
video6788,14
video3828,1
video5281,15
video178,11
video3196,18
video2288,16
video4821,13
video1781,0
video1959,2
video636,3
video4809,11
video1971,11
video6978,18
video3800,10
video150,15
video3814,0
video144,19
video1965,4
video622,17
video811,4
video5530,7
video3141,14
video6039,19
video1756,17
video1030,16
video6987,1
video3627,13
video4148,9
video5256,3
video2539,10
video3633,7
video5242,7
video1024,9
video6993,11
video1742,11
video805,17
video5524,13
video3155,19
video6005,5
video2263,11
video4612,13
video4174,13
video193,4
video2505,7
video6763,0
video1018,3
video6777,9
video4160,16
video187,15
video2511,9
video2277,5
video839,13
video5518,3
video4606,3
video3169,19
video6011,0
video4389,11
video2920,1
video5097,17
video5929,7
video3380,3
video1597,11
video1583,17
video3394,1
video2934,10
video5083,17
video352,9
video5915,5
video434,15
video5901,16
video420,1
video346,8
video2908,10
video5054,4
video3425,6
video1232,5
video1554,1
video3343,11
video5732,10
video3357,5
video4438,3
video5726,19
video2049,8
video1540,4
video6549,3
video1226,19
video5040,1
video3431,18
video6561,3
video2707,8
video5068,16
video391,1
video4376,11
video3419,3
video4410,10
video2061,11
video1568,0
video6207,2
video6213,0
video4404,6
video2075,16
video2713,19
video385,8
video4362,11
video6575,19
video1385,1
video3592,3
video2854,14
video5685,17
video6398,17
video568,14
video5849,2
video5691,13
video2698,3
video3586,11
video2840,17
video1391,3
video226,10
video2868,1
video540,15
video5861,13
video554,10
video5875,8
video232,11
video3551,13
video2897,13
video5120,13
video1346,11
video6429,1
video1420,1
video2129,12
video5646,7
video4558,14
video3237,3
video5652,14
video3223,0
video1434,15
video1352,1
video3545,1
video2883,1
video5134,12
video6415,6
video4202,0
video2673,5
video2115,1
video583,17
video4564,6
video6373,12
video6367,17
video1408,7
video2101,7
video597,11
video4570,6
video3579,14
video4216,4
video5108,0
video2667,9
video6401,13
video1839,9
video5487,4
video4941,9
video4799,1
video3790,6
video3948,8
video1187,18
video6830,8
video1193,6
video6824,3
video3784,4
video5493,9
video4955,0
video98,0
video742,16
video1805,1
video3974,11
video3960,10
video6818,7
video1811,13
video4969,3
video756,10
video3035,19
video5444,4
video965,10
video4982,1
video1622,11
video1144,3
video5322,9
video3753,3
video2459,4
video5336,5
video4028,10
video3747,9
video1150,14
video1636,11
video6159,10
video3021,11
video5450,1
video971,12
video4996,6
video6171,19
video4,10
video73,8
video3009,14
video4766,2
video781,19
video5478,10
video2317,6
video959,7
video2471,17
video4000,19
video6617,2
video1178,8
video6603,0
video2465,2
video4014,15
video4772,2
video795,7
video2303,15
video6165,11
video67,0
video5454,9
video4992,11
video975,6
video3025,11
video1632,15
video1154,13
video3743,2
video5332,13
video4038,7
video3757,1
video2449,1
video5326,3
video1140,2
video1626,7
video6149,13
video5440,0
video4986,9
video961,19
video3031,5
video63,5
video6161,13
video5468,11
video2307,13
video949,0
video3019,14
video791,0
video4776,9
video4010,4
video2461,13
video6607,7
video1168,15
video6613,18
video4004,18
video2475,7
video2313,8
video785,12
video4762,3
video0,12
video77,4
video6175,13
video1829,9
video4789,19
video5497,8
video4951,1
video3958,6
video3780,18
video6820,3
video1197,19
video6834,3
video1183,13
video3794,18
video5483,3
video4945,2
video88,3
video752,0
video1815,14
video3964,10
video3970,1
video6808,3
video1801,13
video746,14
video4979,4
video5130,16
video3541,7
video2887,19
video1356,7
video6439,0
video1430,13
video4548,9
video3227,9
video2139,0
video5656,9
video3233,6
video5642,0
video1424,7
video1342,13
video5124,15
video3555,6
video2893,13
video6405,10
video2663,3
video4212,10
video4574,7
video593,3
video2105,9
video6363,11
video6377,19
video1418,17
video4560,6
video587,16
video2111,8
video5118,3
video2677,0
video3569,10
video4206,2
video6411,6
video1395,3
video3582,10
video2844,8
video5695,15
video6388,15
video5681,5
video5859,5
video3596,2
video2850,16
video2688,11
video1381,7
video236,8
video2878,19
video550,17
video5871,10
video544,4
video5865,8
video222,3
video3435,0
video5044,1
video1222,19
video1544,1
video5722,2
video3353,19
video5736,13
video2059,19
video3347,1
video4428,13
video1550,15
video6559,14
video1236,11
video3421,4
video5050,14
video6571,15
video4366,1
video381,18
video3409,13
video2717,6
video5078,9
video2071,13
video4400,10
video1578,10
video6217,19
video6203,3
video2065,9
video4414,16
video4372,3
video395,8
video2703,5
video6565,7
video5087,14
video2930,17
video4399,13
video3390,2
video5939,7
video418,5
video1587,3
video1593,10
video3384,5
video5093,9
video2924,8
video342,4
video5905,4
video424,17
video5911,15
video430,9
video356,4
video2918,11
video3151,19
video801,15
video5520,7
video6029,12
video1746,19
video6997,10
video1020,6
video5246,0
video2529,4
video3637,10
video4158,7
video5252,1
video3623,5
video6983,9
video1034,13
video1752,12
video3145,3
video815,4
video5534,8
video6015,0
video4602,11
video2273,15
video2515,0
video183,7
video4164,16
video6773,19
video1008,12
video6767,9
video2501,16
video197,11
video4170,2
video4616,16
video3179,19
video2267,2
video829,3
video5508,3
video6001,2
video1785,14
video4825,7
video3192,12
video5285,11
video6954,1
video6798,9
video6940,11
video168,5
video5291,1
video3838,7
video4831,3
video2298,6
video3186,0
video1949,7
video1791,19
video4819,1
video626,9
video1961,19
video6968,14
video140,9
video3810,2
video154,8
video3804,0
video1975,13
video632,2
video3805,16
video155,17
video633,4
video1974,1
video1960,13
video627,3
video4818,18
video3811,6
video6969,9
video3839,14
video5290,8
video169,19
video6941,3
video6799,1
video1790,14
video1948,6
video3187,5
video2299,15
video4830,16
video3193,5
video4824,18
video1784,17
video6955,15
video5284,14
video4171,3
video196,16
video2500,11
video6766,9
video1009,16
video6000,16
video5509,10
video828,4
video2266,10
video3178,1
video4617,14
video2272,17
video4603,13
video6014,3
video6772,2
video4165,16
video182,18
video2514,0
video1035,6
video6982,2
video3622,13
video5253,19
video5535,11
video814,5
video3144,19
video1753,18
video1747,4
video6028,12
video5521,4
video800,4
video3150,10
video4159,19
video3636,19
video2528,17
video5247,15
video1021,19
video6996,12
video431,15
video5910,18
video2919,2
video357,1
video343,7
video425,17
video5904,5
video3385,6
video1592,18
video2925,9
video5092,8
video4398,1
video2931,15
video5086,0
video1586,5
video419,17
video5938,15
video3391,13
video4415,10
video2064,0
video6202,12
video6564,19
video2702,14
video394,19
video4373,5
video5079,16
video2716,7
video3408,10
video380,13
video4367,2
video6570,18
video6216,10
video1579,1
video4401,4
video2070,9
video1551,2
video4429,10
video3346,5
video2058,19
video5737,11
video5051,15
video3420,1
video1237,13
video6558,12
video1223,10
video5045,7
video3434,3
video3352,12
video5723,3
video1545,7
video5864,8
video545,11
video223,17
video2879,19
video237,17
video5870,7
video551,13
video5858,13
video579,14
video5680,17
video6389,9
video1380,0
video2689,6
video2851,18
video3597,15
video2845,9
video3583,0
video1394,5
video5694,13
video2110,8
video586,6
video4561,7
video1419,17
video6376,19
video6410,4
video4207,14
video3568,2
video2676,15
video5119,9
video4213,1
video2662,0
video6404,8
video6362,6
video2104,9
video592,1
video4575,1
video1425,11
video5643,1
video3232,11
video2892,15
video3554,9
video5125,7
video1343,16
video6438,1
video1357,10
video2886,8
video3540,7
video5131,6
video5657,19
video2138,5
video3226,4
video4549,19
video1431,17
video6809,8
video3971,13
video4978,1
video747,4
video1800,14
video1814,8
video753,13
video3965,14
video3795,19
video1182,14
video6835,4
video89,3
video4944,16
video5482,7
video4950,15
video5496,17
video4788,7
video1828,10
video1196,13
video6821,9
video3781,0
video3959,5
video2474,7
video4005,6
video6612,13
video6174,1
video76,19
video1,3
video4763,15
video784,8
video2312,16
video4777,7
video790,1
video3018,7
video948,4
video2306,2
video5469,15
video6160,9
video62,10
video1169,5
video6606,10
video2460,0
video4011,8
video1141,8
video5327,13
video2448,1
video3756,4
video4039,17
video3030,17
video960,10
video4987,1
video5441,8
video6148,15
video1627,10
video1633,19
video3024,1
video974,7
video4993,18
video5455,6
video5333,17
video3742,12
video1155,18
video48,17
video1625,10
video5443,16
video962,9
video4985,6
video3032,17
video3754,6
video5325,11
video1143,9
video6638,14
video1157,7
video3740,2
video3998,7
video5331,9
video5457,19
video2338,19
video976,1
video4991,6
video3026,18
video4749,17
video1631,6
video2310,8
video4761,3
video786,1
video3,13
video74,11
video1619,19
video6176,7
video6610,8
video4007,16
video3768,19
video2476,17
video5319,19
video4013,18
video2462,8
video6604,17
video60,19
video6162,16
video2304,3
video4775,0
video792,16
video779,3
video5480,11
video4946,15
video6189,1
video6837,4
video1180,17
video2489,17
video3797,13
video3783,1
video6823,10
video1194,13
video5494,19
video4952,1
video1802,13
video745,0
video3973,1
video3967,15
video751,5
video989,1
video1816,3
video1341,15
video5127,2
video2648,5
video3556,19
video4239,9
video2890,13
video5899,15
video3230,6
video5641,14
video6348,8
video1427,3
video1433,4
video3224,7
video5655,7
video5133,11
video3542,9
video2884,7
video1355,4
video2674,11
video4205,9
video6412,1
video6374,1
video584,12
video4563,6
video2112,14
video590,19
video4577,10
video3218,8
video2106,11
video5669,6
video6360,3
video1369,8
video6406,19
video2660,2
video4211,6
video3595,4
video2853,14
video1382,13
video5682,1
video5696,11
video4588,13
video1396,6
video3581,7
video209,10
video2847,14
video221,10
video547,7
video5866,19
video553,5
video5872,10
video235,16
video1235,4
video3422,11
video5053,18
video5735,9
video3344,3
video1553,1
video1547,1
video6228,3
video5721,3
video3350,12
video4359,17
video3436,0
video2728,7
video5047,0
video1221,17
video396,11
video4371,2
video2700,16
video6566,2
video1209,17
video6200,1
video5709,2
video2066,19
video3378,6
video4417,19
video2072,15
video4403,11
video6214,6
video6572,13
video382,19
video4365,12
video2714,9
video5090,16
video369,19
video2927,15
video6599,0
video1590,4
video3387,5
video2099,1
video3393,17
video1584,19
video5084,6
video2933,13
video355,4
video5912,19
video433,3
video5906,11
video427,19
video341,7
video1751,2
video1989,2
video4629,13
video3146,16
video2258,3
video816,3
video5537,1
video5251,12
video3620,3
video6980,11
video1037,19
video6758,14
video6994,19
video1023,3
video5245,19
video3634,7
video3152,19
video802,2
video5523,15
video1745,15
video4615,9
video2264,13
video6002,14
video6764,2
video2502,4
video4173,5
video194,1
video5279,10
video2516,18
video3608,11
video4167,15
video180,13
video6770,6
video6016,3
video1779,11
video4601,5
video2270,11
video4832,1
video3185,9
video1792,2
video6943,10
video5292,13
video4198,0
video5286,9
video6957,14
video1786,8
video4826,13
video619,15
video3191,13
video1976,4
video631,15
video157,7
video3807,17
video143,10
video3813,0
video625,11
video1962,5
video3812,14
video142,11
video1963,4
video624,9
video630,9
video1977,18
video3806,13
video156,9
video6956,9
video5287,17
video4199,10
video3190,18
video618,2
video4827,1
video1787,12
video1793,18
video3184,4
video4833,14
video5293,13
video6942,13
video6771,7
video181,2
video4166,10
video3609,13
video2517,13
video5278,9
video2271,1
video4600,4
video1778,1
video6017,11
video6003,17
video2265,6
video4614,12
video195,11
video4172,11
video2503,15
video6765,7
video3635,17
video5244,13
video1022,13
video6995,4
video1744,7
video5522,19
video803,10
video3153,2
video5536,2
video817,3
video2259,11
video3147,1
video4628,12
video1988,16
video1750,10
video6759,3
video1036,0
video6981,15
video3621,4
video5250,11
video426,0
video5907,4
video340,8
video354,9
video432,17
video5913,13
video1585,2
video3392,2
video2932,11
video5085,4
video6598,9
video2926,6
video368,7
video5091,3
video2098,17
video3386,11
video1591,3
video6215,0
video4402,19
video2073,6
video2715,17
video4364,2
video383,0
video6573,11
video1208,11
video6567,9
video2701,15
video4370,11
video397,4
video4416,13
video3379,4
video2067,3
video5708,15
video6201,0
video3351,3
video5720,9
video6229,17
video1546,0
video1220,19
video5046,6
video2729,15
video3437,5
video4358,3
video5052,3
video3423,10
video1234,1
video1552,14
video3345,16
video5734,10
video5873,11
video552,9
video234,10
video220,13
video5867,6
video546,3
video4589,18
video5697,1
video2846,17
video208,13
video3580,3
video1397,14
video1383,1
video2852,17
video3594,10
video5683,16
video6361,19
video5668,11
video2107,17
video3219,19
video4576,17
video591,19
video4210,3
video2661,16
video6407,3
video1368,11
video6413,5
video4204,14
video2675,13
video2113,19
video4562,8
video585,10
video6375,11
video5654,4
video3225,15
video1432,16
video1354,7
video2885,0
video3543,17
video5132,6
video2891,1
video4238,17
video3557,10
video2649,19
video5126,19
video1340,1
video1426,0
video6349,19
video5640,2
video3231,15
video5898,12
video3966,19
video1817,15
video988,1
video750,0
video744,12
video1803,8
video3972,4
video1195,18
video6822,19
video3782,3
video4953,19
video5495,14
video6188,4
video4947,0
video5481,4
video778,19
video3796,0
video2488,1
video1181,5
video6836,14
video6605,13
video2463,11
video4012,11
video793,17
video4774,7
video2305,14
video6163,6
video61,3
video6177,3
video1618,5
video75,9
video2,12
video787,7
video4760,9
video2311,7
video5318,6
video2477,9
video3769,9
video4006,17
video6611,9
video5330,15
video3999,4
video3741,17
video1156,1
video6639,17
video1630,8
video4748,14
video3027,13
video4990,1
video977,4
video2339,13
video5456,2
video3033,15
video4984,6
video963,8
video5442,6
video1624,12
video49,7
video1142,13
video5324,2
video3755,2
video4023,3
video3994,8
video2452,7
video6634,6
video50,1
video6152,9
video2334,11
video4745,14
video4989,11
video2320,8
video4751,9
video44,10
video6146,2
video1629,0
video6620,1
video3758,7
video4037,11
video5329,4
video3980,10
video2446,19
video1167,17
video6608,0
video3770,4
video5301,11
video946,6
video2308,16
video5467,4
video4779,8
video3016,5
video1601,0
video78,9
video1615,14
video952,13
video5473,15
video3002,10
video3764,7
video5315,17
video1173,9
video1198,6
video3957,1
video2491,14
video4786,17
video761,14
video5498,6
video6191,17
video93,6
video1826,3
video6185,7
video87,4
video1832,9
video4792,15
video775,13
video3943,18
video2485,1
video6813,19
video985,13
video4962,7
video749,5
video991,4
video4976,11
video6807,10
video3228,2
video5881,3
video4547,10
video5659,13
video2136,19
video6350,3
video6436,4
video1359,8
video2650,4
video2888,2
video4221,7
video2644,12
video4235,11
video6422,11
video6344,6
video5895,0
video4553,18
video2122,0
video1403,15
video3214,11
video5665,17
video5103,1
video3572,10
video1365,14
video1371,4
video2678,10
video5117,3
video4209,6
video3566,19
video3200,2
video588,8
video5671,6
video1417,5
video6378,7
video6393,7
video5842,0
video563,3
video4584,13
video205,5
video2693,10
video211,19
video3599,18
video2687,9
video5856,3
video577,11
video4590,12
video6387,19
video2877,7
video239,1
video2863,6
video2042,15
video4433,18
video6224,3
video6542,14
video4355,13
video2724,5
video4341,11
video2730,15
video1239,15
video6556,8
video6230,6
video2056,5
video5739,15
video4427,9
video3348,1
video6218,9
video1577,15
video5711,9
video3360,3
video3406,10
video4369,11
video5077,4
video2718,9
video1211,19
video1205,3
video3412,9
video5063,11
video5705,5
video3374,10
video1563,9
video1588,19
video417,14
video5936,15
video2081,1
video5088,16
video371,10
video4396,13
video6581,6
video6595,2
video365,9
video4382,12
video403,19
video5922,13
video2095,8
video2903,15
video2917,0
video359,10
video2526,11
video5249,1
video4157,9
video3638,8
video6998,14
video6740,0
video1749,17
video6026,0
video1991,1
video4631,3
video2240,7
video4625,15
video2254,11
video6032,0
video1985,7
video6754,7
video2532,3
video4143,1
video1013,1
video5275,13
video3604,7
video3162,19
video5513,2
video832,9
video1775,10
video1761,7
video3176,4
video4619,11
video5507,15
video826,9
video2268,18
video5261,7
video198,19
video3610,19
video6768,17
video1007,7
video6783,19
video4194,5
video173,19
video3823,10
video2283,4
video615,11
video1952,15
video1946,14
video2297,4
video3189,15
video601,2
video4180,0
video167,17
video3837,5
video6797,6
video6967,7
video4816,17
video629,5
video4802,16
video6973,7
video4803,15
video6972,9
video6966,10
video628,6
video4817,13
video600,7
video3188,2
video2296,0
video1947,13
video6796,2
video3836,14
video166,2
video4181,4
video3822,8
video172,5
video4195,13
video6782,1
video1953,2
video614,12
video2282,7
video2269,1
video827,9
video5506,16
video4618,13
video3177,14
video1760,1
video1006,4
video6769,1
video3611,17
video199,9
video5260,11
video3605,3
video5274,1
video1012,19
video1774,1
video833,12
video5512,11
video3163,12
video1984,11
video6033,17
video2255,9
video4624,7
video4142,1
video2533,4
video6755,15
video6741,16
video6999,8
video3639,11
video4156,11
video5248,3
video2527,10
video2241,19
video4630,13
video1990,1
video6027,13
video1748,14
video358,18
video2916,15
video2902,9
video4383,10
video364,0
video6594,2
video2094,0
video5923,5
video402,4
video2080,3
video5937,8
video416,7
video1589,7
video6580,8
video4397,11
video370,3
video5089,6
video5062,6
video3413,1
video1204,0
video1562,0
video3375,19
video5704,1
video3361,6
video5710,10
video1576,0
video6219,19
video1210,3
video2719,11
video5076,3
video4368,8
video3407,11
video6557,3
video1238,5
video2731,19
video4340,1
video3349,13
video4426,13
video5738,18
video2057,1
video6231,18
video6225,7
video4432,14
video2043,14
video2725,5
video4354,14
video6543,5
video2862,9
video238,13
video2876,1
video2686,15
video3598,1
video210,1
video6386,7
video4591,0
video576,11
video5857,9
video4585,8
video562,11
video5843,3
video6392,11
video2692,2
video204,8
video3567,11
video4208,16
video5116,2
video2679,17
video1370,1
video6379,8
video1416,4
video5670,18
video589,6
video3201,14
video5664,17
video3215,14
video1402,19
video1364,19
video3573,17
video5102,3
video6423,16
video4234,1
video2645,9
video2123,1
video4552,2
video5894,4
video6345,0
video6351,3
video2137,3
video5658,2
video4546,12
video5880,8
video3229,0
video4220,14
video2889,19
video2651,17
video1358,8
video6437,13
video4977,17
video990,13
video748,17
video6806,11
video6812,5
video4963,7
video984,9
video774,17
video4793,9
video1833,7
video86,19
video6184,0
video2484,1
video3942,5
video2490,14
video3956,11
video1199,19
video1827,5
video92,7
video6190,17
video5499,13
video760,7
video4787,6
video3003,3
video5472,4
video953,19
video1614,3
video79,13
video1172,17
video5314,3
video3765,10
video5300,10
video3771,10
video6609,5
video1166,10
video1600,12
video3017,7
video4778,7
video5466,4
video2309,2
video947,16
video1628,7
video6147,7
video45,7
video4750,7
video2321,13
video4988,9
video2447,9
video3981,0
video5328,13
video4036,2
video3759,19
video6621,14
video6635,8
video2453,5
video3995,19
video4022,6
video4744,7
video2335,1
video6153,1
video51,12
video6623,10
video4034,3
video3983,1
video2445,14
video2323,8
video4752,13
video47,1
video6145,3
video53,8
video6151,9
video979,1
video2337,13
video5458,19
video4746,19
video3029,11
video4020,9
video3997,7
video2451,0
video1158,9
video6637,19
video3767,1
video4008,13
video5316,14
video2479,10
video1170,11
video6179,11
video1616,14
video951,10
video5470,12
video789,11
video3001,9
video945,7
video5464,4
video3015,19
video1602,6
video1164,6
video3773,11
video5302,8
video3940,5
video2486,1
video3798,10
video6838,10
video6186,6
video84,1
video1831,14
video776,7
video4791,3
video4949,3
video762,7
video4785,16
video6192,14
video90,12
video1825,10
video3954,17
video2492,12
video6804,8
video4975,17
video992,2
video1819,17
video4961,2
video986,4
video3968,1
video6810,10
video1428,9
video6347,10
video5896,8
video4550,4
video2121,10
video2647,6
video5128,11
video4236,1
video3559,5
video6421,17
video6435,6
video2653,4
video4222,0
video5882,9
video4544,0
video2135,11
video6353,3
video3203,6
video5672,17
video1414,9
video1372,16
video5114,16
video3565,4
video5100,17
video3571,9
video6409,12
video1366,5
video1400,8
video3217,1
video4578,4
video5666,15
video2109,17
video5855,1
video4593,0
video574,15
video6384,2
video212,14
video2684,19
video2848,19
video206,10
video2690,1
video1399,10
video6390,3
video5699,15
video5841,19
video4587,1
video560,19
video5869,7
video548,15
video2860,7
video2874,11
video6233,3
video2055,11
video4424,3
video4342,10
video2733,3
video6555,7
video6541,7
video3439,9
video4356,17
video5048,8
video2727,3
video2041,7
video4430,4
video6227,13
video1548,17
video2069,16
video5706,3
video4418,17
video3377,9
video1560,19
video1206,3
video6569,19
video3411,0
video399,3
video5060,11
video3405,13
video5074,11
video1212,19
video1574,8
video5712,6
video3363,7
video400,1
video5921,19
video3388,10
video2096,6
video6596,11
video4381,17
video2928,3
video366,0
video4395,11
video372,1
video6582,3
video414,9
video5935,2
video2082,17
video2914,16
video2900,16
video428,16
video5909,3
video6757,3
video1038,16
video2531,8
video4140,8
video3149,13
video4626,13
video5538,7
video819,4
video2257,14
video6031,1
video1986,9
video6025,11
video1992,16
video4632,6
video2243,19
video2525,7
video4154,10
video6743,7
video5262,19
video3613,1
video1004,3
video1762,15
video3175,3
video5504,10
video825,9
video3161,18
video5510,1
video831,2
video1776,11
video6019,0
video1010,6
video2519,2
video5276,4
video4168,17
video3607,3
video164,7
video4183,3
video3834,2
video6794,7
video1945,10
video2294,1
video602,2
video2280,16
video4829,17
video616,15
video1951,15
video1789,7
video6780,12
video6958,6
video170,7
video4197,3
video3820,1
video5289,2
video6970,13
video158,15
video3808,13
video4801,2
video1979,17
video4815,13
video6964,3
video4814,4
video6965,15
video3809,19
video159,0
video6971,11
video1978,7
video4800,19
video1788,9
video1950,13
video617,7
video4828,8
video2281,1
video5288,4
video3821,10
video4196,3
video171,19
video6959,0
video6781,4
video6795,10
video3835,10
video4182,16
video165,15
video603,16
video2295,7
video1944,13
video6018,9
video1777,13
video830,14
video5511,2
video3160,7
video3606,1
video4169,19
video5277,10
video2518,6
video1011,19
video1005,9
video3612,3
video5263,17
video824,11
video5505,9
video3174,1
video1763,1
video2242,9
video4633,8
video1993,2
video6024,13
video6742,8
video4155,1
video2524,17
video4141,2
video2530,17
video1039,3
video6756,19
video1987,9
video6030,3
video2256,16
video818,6
video5539,17
video4627,3
video3148,5
video2901,11
video5908,2
video429,11
video2915,17
video6583,7
video373,11
video4394,1
video2083,0
video5934,19
video415,3
video2097,16
video3389,11
video5920,14
video401,15
video367,7
video2929,0
video4380,17
video6597,10
video1213,19
video5075,14
video3404,10
video3362,1
video5713,0
video1575,16
video1561,1
video3376,16
video4419,10
video5707,13
video2068,3
video5061,1
video398,18
video3410,7
video6568,9
video1207,9
video2726,6
video5049,19
video4357,11
video3438,6
video6540,15
video1549,3
video6226,3
video4431,18
video2040,17
video4425,9
video2054,7
video6232,6
video6554,17
video2732,7
video4343,4
video2875,10
video549,16
video5868,6
video2861,3
video1398,0
video2691,0
video207,17
video2849,13
video561,15
video4586,16
video5840,1
video5698,18
video6391,3
video6385,17
video575,9
video4592,1
video5854,5
video2685,7
video213,16
video1367,12
video6408,3
video3570,9
video5101,7
video2108,17
video5667,0
video4579,19
video3216,13
video1401,0
video1415,4
video5673,7
video3202,1
video3564,15
video5115,0
video1373,1
video4223,2
video2652,11
video6434,4
video6352,9
video2134,8
video4545,7
video5883,14
video2120,7
video4551,1
video5897,1
video6346,5
video1429,16
video6420,3
video3558,15
video4237,9
video5129,3
video2646,1
video987,0
video4960,12
video1818,13
video6811,18
video3969,10
video6805,14
video993,6
video4974,13
video1824,16
video91,12
video6193,13
video4784,19
video763,10
video2493,0
video3955,2
video6839,14
video3799,15
video2487,2
video3941,4
video4948,11
video4790,0
video777,1
video1830,6
video85,10
video6187,7
video1603,1
video3014,9
video5465,19
video944,16
video5303,1
video3772,17
video1165,8
video1171,4
video2478,19
video5317,3
video4009,3
video3766,8
video3000,11
video788,1
video5471,16
video950,5
video1617,9
video6178,10
video3028,1
video4747,2
video5459,15
video2336,16
video978,7
video6150,1
video52,11
video6636,12
video1159,16
video2450,8
video3996,15
video4021,9
video2444,9
video3982,1
video4035,11
video6622,4
video6144,6
video46,3
video4753,8
video2322,9
video9,16
video1613,18
video5475,7
video954,2
video3004,18
video3762,8
video5313,1
video1175,13
video1161,1
video4019,19
video3776,4
video2468,9
video5307,8
video5461,15
video940,18
video3010,3
video798,17
video1607,17
video6168,16
video5449,9
video2326,9
video968,13
video3038,8
video4757,6
video42,19
video6140,15
video6626,8
video1149,17
video4031,7
video2440,10
video3986,7
video4025,14
video2454,17
video3992,10
video6632,7
video56,15
video6154,4
video2332,6
video4743,3
video4970,19
video997,9
video1808,0
video6801,15
video3979,19
video6815,18
video4964,16
video983,1
video6183,19
video1834,6
video81,9
video773,0
video4794,16
video2483,11
video3945,19
video6829,9
video2497,19
video3951,12
video3789,2
video767,4
video4780,8
video4958,11
video6197,0
video1820,12
video95,9
video1377,16
video6418,1
video5111,10
video3560,0
video4569,15
video3206,7
video2118,2
video5677,8
video1411,5
video1405,9
video3212,7
video5663,15
video5105,2
video3574,19
video1363,11
video2642,17
video4233,10
video6424,10
video6342,3
video4555,16
video5893,9
video2124,13
video4541,19
video5887,14
video2130,16
video6356,13
video1439,17
video6430,5
video5139,3
video2656,3
video3548,11
video4227,6
video2865,7
video559,13
video5878,13
video2871,15
video1388,7
video217,0
video2859,6
video2681,18
video5688,1
video4596,15
video571,18
video5850,13
video6381,12
video6395,4
video4582,19
video565,1
video5844,3
video203,6
video2695,9
video1203,14
video3414,17
video5065,6
video5703,17
video3372,16
video1565,13
video1571,15
video5717,16
video2078,19
video3366,11
video4409,11
video388,13
video3400,3
video5071,15
video6578,6
video1217,17
video4347,16
video3428,6
video2736,4
video5059,8
video6550,13
video1559,1
video6236,8
video2050,8
video4421,11
video2044,8
video4435,3
video6222,9
video6544,17
video4353,3
video2722,10
video2911,11
video5918,11
video439,6
video2905,11
video6593,16
video4384,16
video363,10
video5924,5
video405,8
video2093,15
video5930,9
video3399,17
video411,13
video2087,18
video4390,17
video377,0
video2939,8
video6587,7
video6008,9
video1767,0
video3170,3
video820,15
video5501,19
video5267,18
video2508,15
video3616,5
video4179,8
video1001,1
video1015,9
video5273,8
video3602,14
video3164,3
video834,4
video5515,2
video1773,17
video4623,9
video2252,13
video6034,6
video1983,18
video6752,10
video2534,0
video4145,8
video2520,17
video4151,6
video1029,0
video6746,19
video6020,10
video1997,14
video4637,16
video3158,4
video2246,1
video808,3
video5529,3
video4804,19
video6975,17
video149,17
video3819,11
video6961,6
video1968,14
video4810,0
video1940,7
video1798,9
video2291,10
video4838,0
video607,11
video161,5
video4186,13
video3831,18
video5298,11
video6791,5
video6949,9
video6785,19
video175,0
video4192,19
video3825,17
video2285,11
video613,18
video1954,11
video3824,3
video4193,3
video174,4
video6784,15
video1955,6
video612,5
video2284,19
video606,17
video4839,11
video2290,1
video1799,13
video1941,13
video6948,19
video6790,11
video5299,4
video3830,4
video4187,7
video160,4
video6960,7
video3818,14
video148,8
video4811,15
video1969,4
video4805,9
video6974,13
video6747,11
video1028,11
video4150,17
video2521,9
video5528,18
video809,11
video2247,0
video3159,17
video4636,15
video1996,19
video6021,19
video1982,1
video6035,11
video2253,0
video4622,15
video4144,1
video2535,5
video6753,13
video3603,15
video5272,18
video1014,11
video1772,1
video5514,3
video835,2
video3165,10
video5500,6
video821,13
video3171,1
video1766,2
video6009,17
video1000,9
video4178,6
video3617,8
video2509,8
video5266,15
video2086,8
video410,3
video3398,1
video5931,15
video6586,19
video2938,15
video376,4
video4391,11
video362,11
video4385,3
video6592,9
video2092,7
video404,17
video5925,2
video2904,2
video2910,6
video438,13
video5919,15
video6223,9
video4434,9
video2045,10
video2723,18
video4352,11
video6545,3
video6551,5
video5058,14
video2737,14
video3429,15
video4346,19
video4420,7
video2051,11
video6237,11
video1558,10
video4408,10
video3367,9
video2079,11
video5716,14
video1570,5
video1216,8
video6579,5
video5070,1
video3401,3
video389,1
video5064,3
video3415,1
video1202,1
video1564,6
video3373,15
video5702,6
video5845,7
video564,9
video4583,0
video6394,2
video2694,14
video202,10
video2680,10
video2858,0
video216,1
video1389,3
video6380,13
video5851,10
video570,1
video4597,4
video5689,7
video5879,3
video558,3
video2870,17
video2864,14
video1438,7
video6357,5
video2131,4
video5886,8
video4540,14
video4226,19
video3549,1
video2657,4
video5138,3
video6431,6
video6425,6
video4232,13
video2643,18
video2125,1
video5892,8
video4554,3
video6343,11
video5662,19
video3213,8
video1404,9
video1362,17
video3575,17
video5104,13
video3561,11
video5110,10
video6419,6
video1376,17
video1410,3
video5676,3
video2119,11
video3207,10
video4568,15
video3788,12
video3950,17
video2496,5
video6828,1
video94,10
video1821,10
video6196,1
video4959,1
video4781,12
video766,19
video4795,1
video772,2
video80,13
video1835,1
video6182,11
video3944,8
video2482,1
video6814,13
video982,6
video4965,10
video1809,11
video996,18
video4971,10
video3978,10
video6800,13
video6633,11
video3993,10
video2455,15
video4024,16
video4742,14
video2333,8
video6155,17
video57,1
video6141,1
video43,10
video4756,11
video3039,0
video969,11
video2327,13
video5448,13
video3987,13
video2441,1
video4030,15
video1148,3
video6627,19
video5306,2
video2469,10
video3777,4
video4018,13
video1160,15
video6169,2
video1606,4
video799,7
video3011,8
video941,19
video5460,6
video3005,17
video955,12
video5474,1
video1612,18
video8,12
video1174,11
video5312,9
video3763,2
video5462,3
video943,14
video3013,10
video69,8
video1604,17
video1162,14
video3775,4
video5304,7
video3761,19
video5310,1
video6619,14
video1176,12
video1610,17
video5476,7
video2319,18
video957,3
video3007,3
video4768,14
video55,9
video1638,7
video6157,13
video4998,15
video2331,2
video4740,14
video4026,0
video3749,12
video2457,7
video5338,9
video3991,15
video6631,9
video6625,12
video4032,15
video2443,4
video3985,1
video2325,10
video4754,1
video41,19
video6143,8
video758,0
video980,1
video4967,3
video6816,6
video6802,5
video994,3
video4973,9
video4783,12
video764,10
video6194,15
video1823,0
video96,19
video2494,13
video3952,8
video2480,15
video3946,3
video1189,16
video6180,3
video1837,3
video82,7
video4797,16
video770,5
video5489,15
video5106,5
video2669,13
video3577,13
video4218,1
video1360,0
video6369,3
video1406,13
video599,2
video3211,4
video5660,15
video3205,11
video5674,6
video1412,0
video1374,19
video5112,19
video3563,12
video6433,4
video2655,5
video4224,1
video4542,9
video5884,2
video2133,18
video6355,0
video6341,14
video4556,13
video3239,7
video5890,13
video2127,1
video5648,4
video2641,4
video2899,5
video4230,15
video1348,3
video6427,10
video2872,8
video228,17
video2866,3
video3588,7
video200,11
video2696,4
video6396,14
video566,17
video4581,3
video5847,0
video572,15
video4595,13
video5853,2
video6382,15
video214,9
video2682,11
video3403,3
video5072,4
video1214,3
video1572,14
video5714,16
video3365,18
video5700,16
video3371,9
video1566,0
video6209,17
video1200,11
video4378,19
video3417,4
video2709,19
video5066,17
video6547,3
video1228,9
video4350,16
video2721,10
video5728,4
video2047,12
video3359,16
video4436,0
video6221,6
video6235,11
video2053,8
video4422,1
video4344,11
video2735,3
video6553,2
video348,9
video2906,18
video2912,19
video374,5
video4393,0
video6584,1
video5933,4
video412,9
video2084,10
video5927,2
video406,11
video2090,6
video1599,15
video6590,7
video5099,3
video360,17
video4387,11
video4608,19
video3167,4
video2279,7
video837,2
video5516,3
video1770,17
video1016,19
video6779,3
video5270,0
video3601,1
video189,6
video5264,2
video3615,12
video1002,7
video1764,14
video3173,15
video823,12
video5502,15
video6023,6
video1994,12
video4634,18
video2245,5
video2523,11
video4152,12
video6745,3
video6989,10
video6751,16
video5258,17
video2537,9
video3629,6
video4146,10
video4620,1
video2251,16
video6037,12
video1758,6
video1980,13
video4813,16
video6962,9
video6976,1
video4807,19
video638,0
video2286,13
video610,6
video3198,1
video1957,16
video6786,16
video4191,12
video176,0
video3826,7
video4185,2
video162,1
video3832,3
video6792,8
video1943,5
video2292,1
video604,10
video6793,1
video3833,18
video163,8
video4184,19
video605,11
video2293,9
video1942,15
video1956,16
video3199,2
video611,8
video2287,2
video3827,10
video177,8
video4190,19
video6787,6
video6977,19
video639,1
video4806,7
video4812,0
video6963,7
video4147,17
video3628,7
video2536,1
video5259,3
video6750,10
video6988,18
video1981,13
video1759,19
video6036,19
video2250,10
video4621,15
video2244,10
video4635,11
video1995,15
video6022,3
video6744,0
video4153,1
video2522,8
video1003,4
video3614,15
video5265,8
video5503,7
video822,0
video3172,5
video1765,13
video1771,1
video5517,19
video836,19
video2278,14
video3166,14
video4609,14
video188,16
video3600,17
video5271,3
video6778,15
video1017,7
video1598,13
video2091,0
video407,14
video5926,7
video4386,9
video361,1
video5098,14
video6591,17
video6585,9
video4392,0
video375,6
video2085,4
video413,7
video5932,4
video2913,19
video2907,3
video349,5
video4423,4
video2052,15
video6234,6
video6552,6
video2734,5
video4345,15
video2720,19
video4351,14
video1229,10
video6546,2
video6220,9
video4437,1
video3358,2
video2046,18
video5729,10
video6208,1
video1567,2
video3370,0
video5701,18
video5067,8
video2708,6
video3416,15
video4379,14
video1201,19
video1215,5
video5073,1
video3402,4
video3364,5
video5715,8
video1573,0
video6383,0
video5852,11
video4594,15
video573,13
video2683,1
video215,7
video2697,2
video201,3
video3589,17
video5846,8
video4580,4
video567,18
video6397,13
video2867,4
video229,11
video2873,10
video5649,18
video2126,19
video5891,17
video3238,3
video4557,10
video6340,6
video6426,15
video1349,10
video4231,8
video2898,3
video2640,17
video4225,19
video2654,4
video6432,6
video6354,8
video2132,3
video5885,6
video4543,7
video1413,11
video5675,3
video3204,15
video3562,19
video5113,5
video1375,2
video1361,4
video4219,9
video3576,6
video2668,15
video5107,6
video5661,11
video3210,1
video598,13
video1407,17
video6368,4
video1188,0
video3947,11
video2481,7
video5488,8
video771,12
video4796,11
video83,12
video1836,5
video6181,11
video97,17
video1822,13
video6195,4
video765,19
video4782,11
video3953,17
video2495,7
video6803,10
video4972,7
video995,17
video4966,0
video981,0
video759,4
video6817,13
video3984,5
video2442,19
video4033,10
video6624,19
video6142,0
video40,5
video4755,15
video2324,9
video4741,4
video2330,6
video4999,14
video6156,7
video1639,17
video54,11
video6630,1
video3990,19
video5339,19
video2456,6
video3748,6
video4027,2
video1177,11
video6618,17
video5311,19
video3760,7
video4769,7
video3006,17
video956,12
video2318,15
video5477,6
video1611,13
video1605,1
video68,3
video3012,8
video942,5
video5463,13
video5305,2
video3774,18
video1163,9
video2357,4
video919,8
video5438,4
video4726,15
video3049,7
video33,10
video1886,3
video6131,10
video1138,11
video6657,13
video4040,8
video2431,0
video4054,17
video2425,0
video6643,0
video27,1
video1892,3
video6125,4
video2343,8
video4732,16
video1662,5
video925,12
video5404,17
video3075,9
video3713,11
video5362,4
video1104,6
video1110,9
video3707,3
video4068,1
video5376,16
video2419,11
video931,8
video5410,13
video3061,0
video6119,9
video1676,9
video1845,12
video702,11
video2394,19
video3934,4
video4083,10
video6694,1
video6858,13
video6680,18
video3920,15
video5389,10
video4097,2
video716,1
video2380,1
video4929,4
video1689,15
video1851,4
video4901,19
video1879,4
video6870,9
video3908,3
video6864,17
video4915,19
video2633,1
video4242,15
video6455,15
video6333,5
video4524,14
video2155,10
video4530,8
video2141,16
video1448,16
video6327,19
video6441,11
video2627,19
video110,17
video5148,3
video4256,8
video3539,7
video6469,14
video1306,14
video5160,2
video299,8
video3511,2
video3277,3
video4518,0
video5606,6
video2169,15
video1460,0
video1474,17
video7005,0
video3263,0
video5612,7
video5174,13
video3505,9
video1312,8
video6496,6
video4281,11
video266,7
video2828,11
video2196,4
video5821,3
video3288,14
video500,11
video2182,0
video5835,19
video514,1
video4295,6
video272,17
video6482,10
video2814,11
video5809,6
video528,4
video2800,11
video3459,2
video4336,4
video5028,2
video2747,1
video6521,0
video6247,9
video1528,13
video2021,17
video4450,7
video5996,0
video2035,0
video4444,19
video5982,7
video6253,3
video6535,19
video4322,2
video2753,17
video1272,14
video3465,17
video5014,4
video5772,12
video3303,14
video1514,12
video1500,13
video2009,3
video5766,8
video4478,16
video3317,5
video3471,7
video5000,17
video1266,9
video6509,17
video2784,4
video312,2
video4493,1
video474,15
video5955,9
video6284,0
video6290,5
video4487,6
video460,13
video5941,3
video5799,3
video2790,14
video306,19
video2948,2
video1299,12
video2960,8
video448,4
video5969,18
video2974,1
video4652,10
video2223,9
video6045,15
video6723,15
video2545,7
video3883,16
video4134,2
video2551,3
video3897,3
video4120,7
video6737,11
video1058,19
video6051,0
video3129,14
video4646,6
video5558,1
video2237,17
video879,7
video1716,2
video6079,12
video3101,2
video689,0
video5570,0
video851,19
video2579,16
video5216,15
video4108,3
video3667,16
video1070,2
video1064,4
video5202,13
video3673,16
video3115,7
video5564,14
video845,10
video1702,3
video1931,9
video6086,13
video4849,12
video676,16
video4691,5
video3698,1
video2586,7
video3840,19
video6938,11
video104,15
video2592,7
video3854,16
video662,13
video4685,4
video1925,4
video6092,17
video4875,14
video892,19
video6904,2
video138,11
video3868,17
video6910,2
video1919,16
video4861,7
video886,5
video6911,10
video3869,1
video139,9
video887,0
video4860,11
video1918,3
video893,11
video4874,5
video6905,6
video3855,3
video2593,1
video105,15
video6093,9
video1924,9
video4684,9
video663,2
video4690,17
video677,3
video4848,17
video6087,3
video1930,5
video6939,11
video3841,19
video2587,7
video3699,15
video111,16
video3672,17
video5203,7
video1065,0
video1703,3
video844,9
video5565,10
video3114,15
video850,8
video5571,15
video688,11
video3100,17
video6078,1
video1717,0
video1071,7
video3666,12
video4109,0
video5217,15
video2578,8
video1059,14
video6736,19
video4121,5
video3896,1
video2550,1
video878,16
video2236,2
video5559,11
video4647,8
video3128,1
video6050,13
video6044,1
video2222,8
video4653,3
video4135,19
video3882,9
video2544,9
video6722,7
video2975,8
video2961,15
video5968,19
video449,4
video5798,3
video5940,7
video461,6
video4486,11
video6291,13
video1298,6
video2949,3
video307,3
video2791,15
video313,0
video2785,6
video6285,4
video5954,0
video475,5
video4492,3
video3316,16
video4479,7
video5767,0
video2008,1
video1501,4
video6508,9
video1267,16
video5001,9
video3470,3
video5015,5
video3464,9
video1273,15
video1515,17
video3302,4
video5773,18
video6252,17
video5983,8
video4445,9
video2034,1
video2752,19
video4323,0
video6534,5
video6520,7
video2746,13
video5029,19
video4337,7
video3458,8
video5997,7
video4451,16
video2020,9
video1529,9
video6246,17
video529,10
video5808,9
video2801,1
video2815,6
video515,17
video5834,18
video2183,6
video6483,17
video273,16
video4294,1
video2829,3
video267,4
video4280,0
video6497,0
video501,2
video3289,19
video5820,14
video2197,11
video5613,7
video3262,0
video7004,12
video1475,17
video1313,9
video3504,3
video5175,14
video3510,15
video298,15
video5161,3
video1307,4
video6468,6
video1461,19
video2168,10
video5607,13
video4519,11
video3276,16
video6326,15
video1449,1
video2140,0
video4531,2
video3538,9
video4257,3
video5149,1
video2626,1
video6440,19
video6454,1
video4243,9
video2632,11
video2154,11
video4525,5
video6332,14
video6865,1
video4914,17
video1878,5
video4900,2
video3909,8
video6871,6
video4096,13
video5388,0
video3921,10
video6681,11
video6859,10
video1850,16
video1688,1
video4928,9
video2381,5
video717,16
video2395,16
video703,10
video1844,3
video6695,6
video4082,15
video3935,4
video2418,19
video5377,15
video4069,17
video3706,17
video1111,3
video1677,0
video6118,7
video3060,19
video5411,14
video930,15
video3074,0
video5405,8
video924,10
video1663,2
video1105,5
video5363,0
video3712,14
video6642,7
video2424,10
video4055,15
video4733,15
video2342,17
video6124,6
video1893,5
video26,15
video6130,6
video1887,11
video32,8
video3048,15
video4727,19
video5439,19
video918,7
video2356,14
video2430,6
video4041,11
video6656,7
video1139,0
video24,0
video1891,9
video6126,1
video1649,1
video2340,4
video4731,9
video3738,3
video4057,3
video5349,6
video2426,3
video6640,18
video6898,15
video6654,2
video4043,14
video2432,10
video2354,10
video4725,6
video30,8
video1885,1
video6132,17
video932,12
video5413,17
video3062,11
video18,0
video1675,1
video1113,19
video3704,14
video5375,15
video3710,7
video5361,7
video1107,0
video6668,9
video1661,4
video2368,9
video926,9
video5407,17
video4719,15
video3076,11
video715,7
video2383,7
video1852,6
video6683,10
video3923,2
video4094,15
video3937,19
video4080,16
video6697,7
video1846,6
video701,11
video3089,0
video2397,13
video729,13
video4916,16
video6867,7
video6873,8
video4902,3
video6442,8
video2624,13
video4255,11
video4533,17
video2142,17
video6324,0
video6330,0
video3248,2
video4527,15
video5639,17
video2156,5
video2630,11
video4241,12
video6456,14
video1339,4
video2618,4
video5177,1
video4269,19
video3506,12
video1311,1
video1477,4
video6318,14
video7006,8
video3260,6
video5611,16
video3274,4
video5605,1
video1463,4
video1305,11
video5163,4
video3512,0
video271,11
video4296,8
video5188,15
video6481,11
video1488,3
video2181,18
video5836,0
video517,10
video2195,19
video5822,11
video503,8
video6495,0
video265,19
video4282,2
video2803,1
video259,12
video2817,6
video1259,0
video6536,15
video2988,17
video4321,1
video2750,17
video2036,17
video5759,1
video4447,10
video3328,1
video5981,13
video6250,1
video6244,7
video2022,9
video4453,11
video5995,18
video4335,1
video2744,3
video6522,5
video3472,6
video5003,3
video1265,3
video1503,0
video5765,4
video3314,4
video5771,13
video488,5
video3300,4
video6278,11
video1517,17
video1271,18
video3466,1
video4309,9
video5017,15
video2778,13
video2793,2
video305,18
video6293,11
video463,11
video4484,17
video5942,2
video477,8
video4490,6
video5956,1
video6287,6
video2787,14
video3499,1
video311,0
video339,15
video2977,8
video2963,10
video6052,17
video4645,11
video2234,17
video2552,1
video3894,7
video4123,18
video6734,7
video6720,3
video2546,9
video5229,14
video3880,4
video4137,7
video3658,19
video4651,0
video4889,9
video2220,1
video1729,15
video6046,19
video3116,1
video4679,2
video5567,13
video2208,11
video846,8
video1701,11
video6708,1
video1067,3
video5201,8
video3670,9
video5215,11
video3664,9
video1073,0
video1715,3
video3102,4
video5573,1
video852,11
video5598,13
video4686,16
video661,0
video1926,4
video6091,7
video1098,3
video107,2
video2591,1
video3857,17
video113,16
video2585,11
video3843,10
video1932,11
video6085,16
video4692,8
video675,17
video885,8
video4862,13
video6913,11
video6907,16
video891,11
video4876,1
video649,17
video6906,7
video648,6
video4877,3
video890,7
video4863,13
video884,10
video6912,15
video3842,4
video2584,16
video112,2
video674,3
video4693,18
video6084,0
video1933,0
video6090,11
video1927,16
video660,11
video4687,10
video5599,11
video3856,3
video2590,1
video106,5
video1099,4
video1072,8
video3665,5
video5214,6
video853,13
video5572,14
video3103,6
video1714,19
video1700,19
video847,15
video2209,17
video5566,6
video4678,1
video3117,9
video3671,2
video5200,4
video1066,5
video6709,14
video3659,10
video4136,14
video3881,1
video5228,0
video2547,19
video6721,1
video6047,9
video1728,19
video2221,5
video4888,18
video4650,13
video2235,11
video4644,8
video6053,7
video6735,8
video4122,0
video3895,8
video2553,19
video2962,15
video2976,1
video338,0
video6286,8
video5957,5
video4491,4
video476,15
video310,11
video3498,18
video2786,13
video304,1
video2792,4
video5943,1
video4485,4
video462,17
video6292,16
video1516,3
video6279,2
video3301,1
video489,15
video5770,0
video2779,2
video5016,1
video4308,13
video3467,2
video1270,3
video1264,6
video5002,5
video3473,1
video3315,17
video5764,15
video1502,12
video5994,16
video4452,13
video2023,9
video6245,0
video6523,2
video2745,1
video4334,17
video2751,5
video4320,9
video2989,14
video6537,9
video1258,1
video6251,7
video5980,15
video3329,13
video4446,6
video5758,9
video2037,14
video2816,17
video258,3
video2802,16
video502,13
video5823,0
video2194,1
video4283,15
video264,14
video6494,12
video6480,17
video5189,10
video4297,17
video270,16
video516,1
video5837,18
video2180,17
video1489,3
video1462,0
video5604,17
video3275,4
video3513,0
video5162,19
video1304,13
video1310,13
video3507,4
video4268,18
video5176,1
video2619,5
video5610,0
video3261,11
video7007,17
video6319,10
video1476,17
video2157,2
video5638,6
video4526,2
video3249,3
video6331,4
video1338,1
video6457,15
video4240,17
video2631,19
video4254,15
video2625,11
video6443,17
video6325,2
video2143,18
video4532,4
video6872,16
video4903,7
video4917,6
video728,16
video6866,2
video6696,10
video4081,2
video3936,12
video2396,1
video3088,1
video700,8
video1847,8
video1853,9
video2382,6
video714,1
video4095,9
video3922,5
video6682,11
video6669,1
video1106,3
video5360,3
video3711,5
video3077,15
video4718,1
video5406,14
video927,3
video2369,3
video1660,11
video1674,6
video19,7
video3063,1
video5412,1
video933,4
video5374,11
video3705,0
video1112,2
video2433,18
video4042,13
video6655,15
video6133,13
video1884,3
video31,7
video4724,7
video2355,15
video4730,4
video2341,0
video1648,13
video6127,3
video1890,1
video25,11
video6899,17
video6641,19
video2427,8
video5348,13
video4056,9
video3739,4
video6679,13
video1116,12
video3701,19
video5370,3
video5416,1
video937,0
video2379,7
video3067,10
video4708,1
video1670,5
video1664,5
video5402,0
video923,4
video3073,9
video3715,16
video5364,8
video1102,12
video4052,1
video2423,14
video6645,5
video1894,4
video21,3
video6123,14
video2345,14
video4734,6
video2351,2
video4720,17
video1880,12
video35,9
video1658,0
video6137,4
video6651,11
video6889,14
video4046,3
video3729,11
video2437,2
video5358,11
video6862,15
video4913,15
video738,2
video4907,9
video6876,14
video6686,16
video3926,8
video4091,1
video3098,7
video710,1
video2386,17
video1857,7
video1843,5
video704,7
video2392,8
video3932,3
video4085,14
video6692,17
video1472,13
video7003,17
video3265,0
video5614,2
video5172,13
video3503,6
video1314,19
video1300,13
video5166,8
video2609,13
video3517,1
video4278,12
video3271,3
video5600,3
video6309,17
video1466,18
video4536,17
video3259,6
video2147,19
video5628,11
video6321,8
video1328,19
video6447,11
video2621,11
video4250,15
video2635,2
video4244,1
video6453,14
video6335,14
video4522,5
video2153,13
video2806,18
video248,16
video2812,7
video2184,12
video512,2
video5833,19
video274,13
video4293,3
video6484,1
video6490,13
video260,7
video4287,14
video5199,19
video2190,6
video506,11
video5827,3
video1499,17
video1506,1
video6269,3
video5760,7
video3311,14
video499,13
video4318,7
video3477,16
video2769,1
video5006,19
video1260,1
video1274,8
video3463,14
video5012,1
video5774,4
video3305,13
video1512,0
video2033,0
video5984,11
video4442,6
video6255,6
video6533,16
video4324,19
video2755,14
video2999,15
video4330,5
video2741,13
video6527,10
video1248,10
video6241,3
video5748,17
video2027,18
video3339,3
video5990,19
video4456,1
video2972,0
video2966,18
video328,12
video6296,10
video5947,2
video466,19
video4481,8
video2796,14
video300,0
video3488,13
video2782,8
video314,16
video5953,2
video472,14
video4495,10
video6282,15
video1062,11
video5204,7
video3675,5
video3113,15
video843,11
video5562,7
video1704,4
video1710,5
video4668,9
video3107,13
video857,17
video2219,10
video5576,0
video5210,7
video3661,7
video1076,17
video6719,9
video5238,19
video3891,18
video2557,17
video3649,4
video4126,0
video6731,11
video6057,17
video1738,18
video4640,8
video4898,15
video2231,16
video4654,13
video2225,13
video6043,17
video6725,13
video3885,13
video2543,11
video4132,14
video6916,7
video880,7
video4867,10
video658,7
video894,11
video4873,11
video6902,9
video102,19
video3852,4
video2594,7
video4683,7
video664,11
video1923,2
video6094,6
video1937,15
video6080,9
video5589,7
video4697,5
video670,11
video116,15
video3846,11
video2580,7
video1089,10
video671,7
video4696,3
video5588,7
video6081,10
video1936,1
video1088,17
video2581,0
video3847,17
video117,9
video2595,15
video3853,18
video103,3
video6095,0
video1922,8
video665,7
video4682,11
video4872,3
video895,19
video6903,1
video6917,1
video659,17
video4866,9
video881,8
video6042,1
video2224,14
video4655,17
video4133,10
video2542,3
video3884,4
video6724,11
video6730,7
video4127,19
video3648,1
video2556,9
video3890,6
video5239,18
video2230,5
video4899,6
video4641,13
video1739,7
video6056,8
video5577,3
video2218,9
video856,6
video3106,6
video4669,19
video1711,0
video6718,4
video1077,7
video3660,7
video5211,4
video3674,7
video5205,2
video1063,19
video1705,1
video5563,6
video842,4
video3112,12
video315,9
video2783,11
video6283,2
video4494,15
video473,11
video5952,10
video4480,10
video467,5
video5946,15
video6297,19
video3489,11
video301,11
video2797,5
video329,15
video2967,7
video2973,3
video1249,7
video6526,1
video2740,6
video4331,17
video2998,0
video4457,19
video5991,3
video3338,0
video2026,16
video5749,1
video6240,10
video6254,16
video4443,15
video5985,4
video2032,19
video2754,19
video4325,8
video6532,12
video5013,6
video3462,1
video1275,2
video1513,8
video3304,16
video5775,6
video498,17
video3310,3
video5761,11
video6268,15
video1507,9
video1261,9
video5007,12
video2768,8
video3476,2
video4319,3
video5198,1
video4286,8
video261,16
video6491,11
video1498,1
video5826,13
video507,11
video2191,16
video5832,19
video513,7
video2185,4
video6485,4
video4292,2
video275,3
video2813,2
video249,8
video2807,19
video6452,19
video4245,7
video2634,7
video2152,11
video4523,1
video6334,14
video6320,16
video5629,1
video2146,4
video3258,1
video4537,16
video4251,1
video2620,14
video6446,18
video1329,7
video4279,17
video3516,3
video2608,7
video5167,15
video1301,4
video1467,11
video6308,10
video5601,7
video3270,10
video5615,7
video3264,17
video7002,2
video1473,11
video1315,1
video3502,13
video5173,15
video2393,12
video705,17
video1842,17
video6693,14
video4084,0
video3933,15
video4090,14
video3927,6
video6687,8
video1856,14
video2387,13
video711,4
video3099,1
video4906,6
video739,19
video6877,4
video6863,4
video4912,6
video6136,13
video1659,7
video34,4
video1881,3
video4721,3
video2350,10
video5359,15
video2436,17
video3728,9
video4047,0
video6888,6
video6650,16
video6644,0
video2422,3
video4053,3
video4735,7
video2344,4
video6122,17
video20,17
video1895,14
video3072,5
video922,2
video5403,8
video1665,0
video1103,7
video5365,14
video3714,10
video5371,9
video3700,3
video1117,6
video6678,19
video1671,1
video4709,18
video3066,3
video2378,11
video936,8
video5417,1
video4079,8
video3716,9
video2408,14
video5367,14
video1101,11
video1667,7
video6108,8
video5401,16
video920,3
video3070,13
video5415,15
video934,6
video3064,1
video1673,16
video1115,12
video3702,9
video5373,3
video6652,8
video4045,11
video2434,7
video2352,9
video4723,10
video1883,2
video36,10
video6134,17
video1897,18
video22,9
video6120,1
video5429,7
video908,17
video2346,9
video3058,12
video4737,8
video4051,9
video2420,5
video6646,1
video1129,17
video6875,10
video4904,10
video1868,3
video4910,9
video3919,19
video6861,5
video3931,13
video5398,14
video4086,15
video6849,13
video6691,3
video1698,2
video1840,9
video707,17
video2391,10
video4938,0
video713,9
video2385,7
video1854,9
video6685,3
video3925,4
video4092,17
video3272,8
video5603,0
video1465,5
video1303,9
video5165,6
video3514,3
video5171,1
video3500,19
video288,11
video1317,7
video6478,13
video1471,10
video7000,19
video4509,1
video3266,2
video2178,0
video5617,4
video6336,3
video1459,0
video4521,9
video2150,13
video5159,10
video2636,7
video3528,6
video4247,4
video6450,0
video6444,8
video2622,1
video4253,11
video4535,3
video2144,0
video6322,3
video539,2
video5818,15
video2811,8
video2805,13
video2193,4
video505,15
video5824,7
video6493,4
video4284,8
video263,0
video4290,2
video2839,3
video277,0
video6487,5
video2187,1
video511,1
video5830,7
video3299,14
video5777,16
video2018,2
video3306,2
video4469,18
video1511,7
video6518,7
video1277,11
video3460,8
video5011,12
video3474,14
video5005,5
video1263,15
video1505,0
video5763,2
video3312,13
video6242,2
video2024,14
video5993,7
video4455,10
video4333,17
video2742,10
video6524,13
video6530,11
video4327,1
video3448,1
video2756,13
video5039,3
video2030,10
video5987,7
video4441,9
video1539,11
video6256,7
video2965,1
video2971,15
video5978,5
video459,8
video5950,1
video4496,1
video471,19
video5788,13
video6281,2
video1288,9
video2781,9
video2959,8
video317,2
video2795,8
video303,4
video6295,7
video5944,10
video4482,1
video465,19
video5213,3
video3662,8
video1075,6
video1713,19
video3104,1
video854,3
video5575,14
video698,1
video3110,9
video840,4
video5561,12
video6068,12
video1707,5
video1061,19
video5207,11
video2568,16
video3676,18
video4119,19
video1049,15
video6726,2
video3886,9
video2540,2
video4131,14
video4657,16
video3138,14
video868,10
video2226,0
video5549,14
video6040,10
video6054,19
video4643,16
video2232,1
video3892,11
video2554,3
video4125,19
video6732,4
video6901,9
video129,9
video3879,11
video4870,15
video897,8
video1908,3
video4864,4
video883,12
video6915,17
video115,6
video3845,8
video2583,2
video1934,10
video6083,14
video673,12
video4694,6
video4858,8
video667,15
video4680,17
video1920,4
video6097,1
video6929,7
video3689,3
video101,8
video3851,1
video2597,6
video6096,17
video1921,15
video4681,0
video666,19
video4859,16
video2596,15
video3850,10
video100,14
video3688,9
video6928,16
video2582,13
video3844,0
video114,9
video4695,11
video672,5
video6082,1
video1935,10
video882,11
video4865,11
video6914,16
video3878,1
video128,11
video6900,3
video1909,2
video896,12
video4871,3
video2233,6
video4642,17
video6055,12
video6733,19
video4124,3
video2555,10
video3893,8
video4130,4
video2541,7
video3887,16
video6727,0
video1048,13
video6041,12
video5548,11
video2227,1
video869,5
video3139,14
video4656,13
video1706,3
video6069,5
video5560,17
video841,0
video3111,17
video699,9
video4118,9
video3677,14
video2569,13
video5206,16
video1060,13
video1074,10
video3663,15
video5212,0
video5574,13
video855,19
video3105,18
video1712,13
video302,7
video2794,2
video464,17
video4483,9
video5945,17
video6294,10
video6280,18
video5789,7
video470,15
video4497,19
video5951,9
video316,8
video2958,1
video2780,4
video1289,17
video2970,7
video458,5
video5979,9
video2964,11
video5038,2
video2757,4
video3449,14
video4326,10
video6531,16
video6257,15
video1538,9
video4440,9
video5986,18
video2031,1
video4454,4
video5992,13
video2025,1
video6243,3
video6525,6
video2743,16
video4332,4
video1262,11
video5004,19
video3475,3
video3313,15
video5762,4
video1504,18
video1510,2
video4468,15
video3307,2
video2019,0
video5776,15
video5010,2
video3461,5
video1276,13
video6519,4
video6486,4
video276,17
video2838,3
video4291,11
video3298,14
video5831,11
video510,4
video2186,0
video5825,6
video504,6
video2192,8
video262,11
video4285,2
video6492,18
video2804,9
video5819,15
video538,11
video2810,18
video4252,18
video2623,16
video6445,1
video6323,3
video2145,1
video4534,8
video2151,4
video4520,0
video1458,3
video6337,5
video6451,5
video4246,16
video3529,19
video2637,2
video5158,14
video6479,5
video1316,9
video289,17
video3501,13
video5170,19
video5616,9
video2179,8
video3267,10
video4508,4
video7001,19
video1470,16
video1464,2
video5602,16
video3273,3
video3515,9
video5164,1
video1302,11
video1855,15
video2384,3
video712,17
video4093,13
video3924,1
video6684,19
video6690,19
video6848,13
video4087,15
video5399,8
video3930,7
video4939,8
video2390,7
video706,5
video1841,1
video1699,18
video4911,16
video1869,10
video6860,1
video3918,0
video6874,13
video4905,3
video4736,1
video3059,7
video2347,7
video909,15
video5428,6
video6121,9
video23,0
video1896,3
video1128,12
video6647,13
video2421,3
video4050,15
video2435,17
video4044,2
video6653,2
video6135,10
video37,10
video1882,9
video4722,4
video2353,9
video1672,7
video3065,4
video935,0
video5414,1
video5372,13
video3703,3
video1114,3
video1100,19
video5366,5
video2409,2
video3717,6
video4078,10
video3071,6
video921,15
video5400,15
video6109,1
video1666,13
